X-Lamb;Y-Lamb;Hauteur;Epaisseur;TFI;LWAl
766656.22;6284840.94;0.68;0.35;0.85;5440
766657;6284837.84;0.54;0.5;0.68;4320
766659.5;6284836.52;0.62;0.51;0.67;4960
766662.35;6284835.06;0.69;0.6;0.7;5520
766665.03;6284833.69;0.67;0.45;0.75;5360
766667.67;6284832.38;0.78;0.48;0.82;6240
766670.48;6284830.87;0.71;0.5;0.78;5680
766672.96;6284829.55;0.66;0.51;0.83;5280
766675.71;6284828.1;0.65;0.42;0.86;5200
766678.34;6284826.7;0.65;0.36;0.82;5200
766680.86;6284825.34;0.59;0.44;0.85;4720
766683.44;6284823.89;0.66;0.46;0.8;5280
766686.15;6284822.47;0.66;0.36;0.81;5280
766688.82;6284821.09;0.67;0.44;0.83;5360
766691.4;6284819.84;0.64;0.32;0.81;5120
766694.02;6284818.44;0.6;0.4;0.78;4800
766696.65;6284817.12;0.57;0.39;0.82;4560
766699.17;6284815.76;0.62;0.37;0.82;4960
766701.77;6284814.42;0.74;0.43;0.81;5920
766704.27;6284813.06;0.77;0.36;0.83;6160
766707.03;6284811.6;0.59;0.41;0.77;4720
766709.45;6284810.34;0.63;0.38;0.77;5040
766712.03;6284809.02;0.74;0.5;0.82;5920
766714.54;6284807.66;0.7;0.54;0.73;5600
766717.04;6284806.41;0.62;0.51;0.66;4960
766720.04;6284804.92;0.68;0.49;0.77;5440
766722.22;6284803.73;0.78;0.43;0.8;6240
766725.12;6284802.18;0.73;0.48;0.72;5840
766727.8;6284800.81;0.71;0.23;0.79;5680
766730.25;6284799.47;0.7;0.49;0.62;5600
766733.08;6284798.01;0.78;0.51;0.68;6240
766735.72;6284796.56;0.76;0.49;0.81;6080
766738.69;6284794.95;0.74;0.53;0.71;5920
766741.07;6284793.65;0.69;0.51;0.8;5520
766743.74;6284792.28;0.67;0.58;0.74;5360
766746.4;6284790.9;0.62;0.45;0.78;4960
766748.97;6284789.58;0.52;0.41;0.66;4160
766751.69;6284788.15;0.61;0.45;0.78;4880
766754.16;6284786.82;0.71;0.41;0.83;5680
766756.89;6284785.31;0.63;0.49;0.77;5040
766759.53;6284783.84;0.58;0.44;0.77;4640
766762.1;6284782.59;0.73;0.36;0.84;5840
766764.76;6284781.11;0.67;0.37;0.83;5360
766767.32;6284779.73;0.64;0.38;0.79;5120
766769.86;6284778.4;0.72;0.45;0.89;5760
766772.41;6284777.04;0.67;0.36;0.79;5360
766775;6284775.62;0.82;0.49;0.8;6560
766777.65;6284774.29;0.74;0.24;0.85;5920
766780.28;6284772.89;0.75;0.42;0.72;6000
766782.8;6284771.58;0.79;0.39;0.85;6320
766785.45;6284770.22;0.7;0.54;0.77;5600
766788.01;6284768.84;0.76;0.49;0.84;6080
766790.81;6284767.41;0.68;0.48;0.93;5440
766793.27;6284766.12;0.68;0.38;0.87;5440
766795.9;6284764.78;0.6;0.51;0.78;4800
766798.56;6284763.35;0.58;0.45;0.73;4640
766801.11;6284762;0.66;0.48;0.73;5280
766803.75;6284760.67;0.66;0.42;0.71;5280
766806.61;6284759.15;0.74;0.4;0.72;5920
766809.24;6284757.79;0.66;0.48;0.79;5280
766811.71;6284756.53;0.71;0.38;0.76;5680
766814.17;6284755.26;0.69;0.42;0.82;5520
766809.02;6284753.18;0.74;0.49;0.9;5920
766805.34;6284753.85;0.68;0.29;0.76;5440
766802.6;6284755.38;0.67;0.21;0.78;5360
766800.06;6284756.67;0.71;0.26;0.8;5680
766797.38;6284758.17;0.66;0.21;0.69;5280
766794.96;6284759.5;0.67;0.32;0.83;5360
766792.48;6284760.78;0.71;0.35;0.67;5680
766789.76;6284762.24;0.78;0.26;0.78;6240
766786.68;6284763.83;0.79;0.24;0.57;6320
766784.44;6284765.07;0.71;0.22;0.77;5680
766781.97;6284766.38;0.71;0.26;0.76;5680
766779.3;6284767.78;0.7;0.3;0.62;5600
766776.46;6284769.27;0.76;0.26;0.78;6080
766774.17;6284770.43;0.89;0.32;0.75;7120
766771.31;6284771.94;0.8;0.23;0.77;6400
766769.12;6284773.14;0.79;0.2;0.74;6320
766765.87;6284774.84;0.69;0.31;0.69;5520
766763.28;6284776.23;0.66;0.26;0.83;5280
766760.83;6284777.45;0.72;0.25;0.68;5760
766758;6284779.06;0.71;0.34;0.77;5680
766755.26;6284780.46;0.74;0.32;0.72;5920
766752.8;6284781.77;0.72;0.25;0.79;5760
766749.9;6284783.31;0.76;0.38;0.76;6080
766747.53;6284784.61;0.67;0.3;0.83;5360
766744.91;6284786.05;0.69;0.33;0.83;5520
766742.4;6284787.33;0.7;0.26;0.75;5600
766739.74;6284788.82;0.67;0.25;0.79;5360
766737.07;6284790.24;0.71;0.19;0.85;5680
766734.99;6284791.31;0.74;0.21;0.73;5920
766731.92;6284793.07;0.68;0.18;0.81;5440
766728.86;6284794.69;0.66;0.13;0.84;5280
766726.66;6284795.92;0.65;0.13;0.83;5200
766723.61;6284797.49;0.7;0.22;0.77;5600
766721.21;6284798.73;0.64;0.13;0.76;5120
766717.92;6284800.44;0.65;0.22;0.85;5200
766715.83;6284801.64;0.67;0.21;0.8;5360
766713.16;6284802.99;0.82;0.26;0.73;6560
766710.44;6284804.44;0.68;0.33;0.74;5440
766708.32;6284805.47;0.78;0.26;0.76;6240
766705.64;6284806.95;0.76;0.35;0.73;6080
766702.79;6284808.43;0.61;0.31;0.74;4880
766700.31;6284809.7;0.7;0.26;0.81;5600
766697.78;6284811.06;0.74;0.28;0.87;5920
766695.3;6284812.34;0.74;0.21;0.87;5920
766692.5;6284813.84;0.69;0.25;0.81;5520
766690.19;6284815.03;0.62;0.23;0.74;4960
766687.71;6284816.38;0.77;0.23;0.78;6160
766684.87;6284817.85;0.55;0.32;0.58;4400
766682.45;6284819.13;0.71;0.25;0.79;5680
766679.79;6284820.54;0.75;0.29;0.67;6000
766677.26;6284821.81;0.61;0.34;0.7;4880
766674.67;6284823.21;0.64;0.3;0.77;5120
766672.31;6284824.42;0.65;0.32;0.82;5200
766669.52;6284825.88;0.67;0.3;0.84;5360
766667.05;6284827.24;0.71;0.35;0.84;5680
766664.46;6284828.62;0.75;0.3;0.76;6000
766661.61;6284830.15;0.7;0.35;0.75;5600
766659.39;6284831.33;0.72;0.29;0.82;5760
766656.83;6284832.59;0.75;0.25;0.75;6000
766654.08;6284833.96;0.67;0.3;0.72;5360
766651.51;6284832.4;0.71;0.38;0.75;5680
766652.87;6284829.38;0.71;0.49;0.62;5680
766655.41;6284827.99;0.78;0.47;0.72;6240
766658.03;6284826.6;0.72;0.29;0.82;5760
766660.52;6284825.22;0.71;0.36;0.76;5680
766663.11;6284823.82;0.72;0.37;0.84;5760
766665.75;6284822.49;0.68;0.47;0.64;5440
766668.3;6284821.16;0.74;0.27;0.81;5920
766671.16;6284819.72;0.73;0.33;0.79;5840
766673.81;6284818.33;0.69;0.33;0.78;5520
766676.32;6284817.02;0.79;0.34;0.79;6320
766679.03;6284815.58;0.69;0.4;0.77;5520
766681.59;6284814.25;0.69;0.45;0.82;5520
766684.21;6284812.88;0.79;0.41;0.81;6320
766686.76;6284811.55;0.48;0.43;0.67;3840
766689.45;6284810.1;0.73;0.38;0.7;5840
766691.92;6284808.81;0.88;0.42;0.81;7040
766694.64;6284807.34;0.82;0.34;0.84;6560
766697.25;6284805.95;0.87;0.38;0.81;6960
766699.86;6284804.61;0.68;0.46;0.74;5440
766702.36;6284803.37;0.76;0.34;0.85;6080
766704.88;6284801.96;0.75;0.43;0.77;6000
766707.4;6284800.65;0.85;0.37;0.8;6800
766709.99;6284799.19;0.79;0.49;0.79;6320
766712.54;6284797.81;0.78;0.27;0.76;6240
766715.15;6284796.45;0.7;0.22;0.76;5600
766717.3;6284795.31;0.67;0.22;0.69;5360
766720.16;6284793.85;0.69;0.21;0.79;5520
766722.92;6284792.46;0.66;0.25;0.86;5280
766725.16;6284791.21;0.71;0.12;0.77;5680
766728.32;6284789.6;0.65;0.2;0.84;5200
766730.54;6284788.43;0.72;0.25;0.88;5760
766733.17;6284787.02;0.69;0.23;0.83;5520
766735.93;6284785.47;0.7;0.59;0.64;5600
766738.5;6284784.16;0.71;0.17;0.85;5680
766741.32;6284782.7;0.72;0.41;0.76;5760
766743.9;6284781.33;0.69;0.37;0.83;5520
766746.56;6284779.8;0.7;0.32;0.88;5600
766748.99;6284778.49;0.66;0.46;0.71;5280
766751.67;6284777.04;0.7;0.34;0.78;5600
766754.3;6284775.69;0.76;0.48;0.81;6080
766756.75;6284774.42;0.79;0.54;0.65;6320
766759.4;6284773.08;0.72;0.23;0.8;5760
766761.84;6284771.75;0.94;0.29;0.75;7520
766764.42;6284770.4;0.78;0.45;0.76;6240
766767.56;6284768.73;0.65;0.36;0.75;5200
766769.93;6284767.47;0.74;0.3;0.82;5920
766772.67;6284765.97;0.81;0.41;0.73;6480
766774.98;6284764.71;0.74;0.37;0.79;5920
766777.77;6284763.22;0.69;0.31;0.81;5520
766780.14;6284761.95;0.7;0.37;0.82;5600
766782.94;6284760.55;0.71;0.49;0.76;5680
766785.71;6284759.19;0.75;0.52;0.86;6000
766788.32;6284757.87;0.78;0.49;0.84;6240
766790.98;6284756.41;0.68;0.63;0.78;5440
766793.64;6284755.01;0.71;0.52;0.88;5680
766796.24;6284753.63;0.68;0.55;0.78;5440
766798.91;6284752.23;0.7;0.44;0.78;5600
766800.78;6284750.94;0.67;0.43;0.86;5360
766791.47;6284750.17;0.82;0.26;0.86;6560
766789.19;6284751.29;0.84;0.18;0.82;6720
766786.34;6284752.81;0.65;0.22;0.85;5200
766783.75;6284754.18;0.75;0.23;0.91;6000
766781.19;6284755.63;0.71;0.18;0.9;5680
766778.57;6284757.06;0.73;0.26;0.85;5840
766775.87;6284758.5;0.73;0.24;0.77;5840
766773.47;6284759.67;0.6;0.29;0.75;4800
766770.67;6284761.16;0.77;0.21;0.88;6160
766767.94;6284762.54;0.77;0.25;0.75;6160
766765.38;6284763.91;0.75;0.39;0.72;6000
766762.72;6284765.29;0.77;0.2;0.85;6160
766760.29;6284766.61;0.69;0.14;0.83;5520
766757.27;6284768.28;0.76;0.27;0.82;6080
766754.72;6284769.53;0.65;0.25;0.82;5200
766751.9;6284770.97;0.67;0.24;0.77;5360
766749.54;6284772.33;0.66;0.19;0.79;5280
766746.88;6284773.75;0.76;0.3;0.8;6080
766744.21;6284775.26;0.69;0.19;0.84;5520
766741.83;6284776.48;0.8;0.35;0.7;6400
766739.06;6284777.96;0.64;0.2;0.93;5120
766736.47;6284779.43;0.67;0.23;0.86;5360
766733.64;6284780.83;0.63;0.25;0.86;5040
766731.11;6284782.06;0.6;0.27;0.91;4800
766728.44;6284783.39;0.64;0.21;0.84;5120
766725.79;6284784.82;0.7;0.17;0.82;5600
766723.17;6284786.27;0.65;0.31;0.67;5200
766720.48;6284787.71;0.66;0.2;0.88;5280
766717.69;6284789.25;0.75;0.17;0.78;6000
766714.97;6284790.56;0.78;0.24;0.71;6240
766712.51;6284791.87;0.69;0.19;0.77;5520
766709.4;6284793.51;0.62;0.29;0.8;4960
766707.43;6284794.63;0.63;0.22;0.82;5040
766704.35;6284796.29;0.65;0.32;0.72;5200
766701.56;6284797.77;0.62;0.16;0.85;4960
766698.4;6284799.38;0.64;0.17;0.81;5120
766696.54;6284800.4;0.73;0.35;0.71;5840
766693.62;6284801.99;0.7;0.25;0.81;5600
766690.83;6284803.41;0.7;0.27;0.77;5600
766687.84;6284804.99;0.66;0.23;0.85;5280
766685.54;6284806.11;0.66;0.29;0.83;5280
766682.73;6284807.56;0.71;0.42;0.87;5680
766680.28;6284808.89;0.71;0.16;0.86;5680
766677.21;6284810.44;0.64;0.16;0.85;5120
766674.6;6284811.89;0.64;0.21;0.78;5120
766671.93;6284813.34;0.68;0.18;0.86;5440
766669.16;6284814.82;0.69;0.25;0.67;5520
766666.57;6284816.19;0.73;0.27;0.93;5840
766664.34;6284817.36;0.67;0.19;0.8;5360
766661.39;6284818.96;0.77;0.44;0.51;6160
766658.09;6284820.74;0.73;0.38;0.56;5840
766656.04;6284821.82;0.71;0.34;0.77;5680
766652.93;6284823.37;0.72;0.26;0.82;5760
766650.61;6284824.62;0.67;0.48;0.68;5360
766647.19;6284823.93;0.76;0.31;0.74;6080
766647.61;6284820.46;0.78;0.39;0.7;6240
766650.65;6284819.02;0.71;0.35;0.76;5680
766652.89;6284817.87;0.78;0.38;0.76;6240
766655.41;6284816.51;0.66;0.24;0.8;5280
766657.92;6284815.14;0.81;0.28;0.73;6480
766660.68;6284813.64;0.65;0.26;0.8;5200
766662.3;6284812.74;0.68;0.16;0.73;5440
766666.15;6284810.8;0.68;0.19;0.85;5440
766668.04;6284809.84;0.79;0.42;0.71;6320
766671.31;6284808.07;0.69;0.48;0.71;5520
766673.29;6284806.98;0.79;0.39;0.76;6320
766676.2;6284805.5;0.81;0.49;0.61;6480
766679.26;6284803.85;0.8;0.47;0.64;6400
766681.52;6284802.76;0.86;0.25;0.53;6880
766684.45;6284801.2;0.76;0.21;0.75;6080
766686.73;6284800.01;0.66;0.25;0.86;5280
766689.33;6284798.66;0.75;0.3;0.76;6000
766692.19;6284797.23;0.76;0.31;0.78;6080
766694.56;6284795.92;0.74;0.38;0.73;5920
766697.35;6284794.41;0.74;0.3;0.51;5920
766699.86;6284793.12;0.69;0.31;0.74;5520
766702.5;6284791.74;0.72;0.24;0.8;5760
766705.03;6284790.31;0.81;0.18;0.83;6480
766707.43;6284789.08;0.79;0.32;0.81;6320
766710.46;6284787.44;0.66;0.31;0.92;5280
766713;6284786.07;0.61;0.19;0.8;4880
766715.44;6284784.82;0.65;0.27;0.82;5200
766718.03;6284783.47;0.69;0.42;0.75;5520
766721.12;6284781.84;0.65;0.2;0.87;5200
766723.79;6284780.51;0.67;0.25;0.85;5360
766725.82;6284779.45;0.73;0.38;0.79;5840
766728.61;6284777.92;0.72;0.39;0.69;5760
766731.58;6284776.39;0.7;0.29;0.76;5600
766734.27;6284774.94;0.63;0.21;0.77;5040
766736.95;6284773.53;0.66;0.29;0.78;5280
766739.41;6284772.3;0.68;0.14;0.89;5440
766742.24;6284770.79;0.7;0.33;0.74;5600
766744.78;6284769.47;0.77;0.38;0.74;6160
766747.56;6284767.94;0.8;0.39;0.81;6400
766749.98;6284766.61;0.77;0.3;0.84;6160
766752.6;6284765.25;0.7;0.2;0.83;5600
766755.08;6284763.93;0.76;0.4;0.82;6080
766757.87;6284762.48;0.69;0.29;0.78;5520
766760.28;6284761.2;0.74;0.27;0.91;5920
766762.73;6284759.93;0.88;0.28;0.84;7040
766765.43;6284758.48;0.87;0.43;0.8;6960
766768;6284757.07;0.73;0.41;0.84;5840
766770.72;6284755.7;0.74;0.34;0.85;5920
766773.14;6284754.42;0.71;0.41;0.81;5680
766775.91;6284753.05;0.7;0.39;0.84;5600
766778.61;6284751.71;0.63;0.56;0.78;5040
766781.17;6284750.41;0.67;0.47;0.83;5360
766783.62;6284749.07;0.78;0.37;0.87;6240
766784.16;6284748.67;0.56;0.33;0.72;4480
766784.93;6284748.12;0.73;0.36;0.92;5840
766656.31;6284841.38;0.6;0.48;0.7;4800
766658.17;6284840.04;0.53;0.34;0.73;4240
766660.62;6284838.73;0.59;0.34;0.77;4720
766663.41;6284837.3;0.72;0.37;0.74;5760
766666.21;6284835.9;0.64;0.34;0.87;5120
766668.81;6284834.6;0.72;0.34;0.84;5760
766671.56;6284833.12;0.61;0.49;0.84;4880
766674.1;6284831.77;0.61;0.31;0.86;4880
766676.86;6284830.32;0.61;0.42;0.81;4880
766679.4;6284828.96;0.67;0.27;0.84;5360
766682.12;6284827.49;0.61;0.37;0.79;4880
766684.72;6284826.03;0.61;0.37;0.79;4880
766687.28;6284824.7;0.63;0.52;0.79;5040
766689.94;6284823.32;0.65;0.43;0.82;5200
766692.67;6284821.98;0.68;0.34;0.84;5440
766695.16;6284820.67;0.64;0.42;0.9;5120
766697.75;6284819.36;0.58;0.45;0.79;4640
766700.3;6284817.98;0.65;0.36;0.83;5200
766702.96;6284816.6;0.53;0.53;0.74;4240
766705.6;6284815.17;0.63;0.51;0.81;5040
766708.11;6284813.85;0.62;0.61;0.76;4960
766710.65;6284812.52;0.72;0.34;0.84;5760
766713.21;6284811.23;0.67;0.38;0.7;5360
766715.78;6284809.83;0.62;0.53;0.69;4960
766718.39;6284808.53;0.76;0.33;0.79;6080
766720.93;6284807.26;0.62;0.33;0.73;4960
766723.72;6284805.76;0.76;0.49;0.72;6080
766725.97;6284804.55;0.75;0.32;0.77;6000
766729.06;6284802.95;0.76;0.33;0.79;6080
766731.59;6284801.6;0.7;0.27;0.8;5600
766734.19;6284800.23;0.69;0.33;0.73;5520
766737.03;6284798.7;0.65;0.42;0.6;5200
766739.69;6284797.24;0.65;0.33;0.71;5200
766742.33;6284795.8;0.72;0.46;0.62;5760
766745.02;6284794.43;0.67;0.44;0.79;5360
766747.65;6284793.06;0.55;0.53;0.79;4400
766750.14;6284791.79;0.72;0.42;0.85;5760
766752.93;6284790.31;0.65;0.4;0.8;5200
766755.45;6284788.95;0.66;0.34;0.84;5280
766758.1;6284787.49;0.66;0.33;0.9;5280
766760.66;6284786.06;0.67;0.3;0.92;5360
766763.36;6284784.73;0.63;0.4;0.89;5040
766765.84;6284783.36;0.66;0.46;0.87;5280
766768.48;6284781.94;0.62;0.44;0.8;4960
766770.97;6284780.64;0.69;0.4;0.78;5520
766773.54;6284779.27;0.73;0.45;0.81;5840
766776.14;6284777.84;0.69;0.43;0.71;5520
766778.99;6284776.4;0.75;0.42;0.76;6000
766781.43;6284775.11;0.77;0.33;0.84;6160
766784.17;6284773.69;0.76;0.21;0.8;6080
766786.51;6284772.48;0.7;0.43;0.67;5600
766789.17;6284771.04;0.75;0.47;0.75;6000
766791.82;6284769.7;0.77;0.27;0.77;6160
766794.74;6284768.17;0.79;0.41;0.8;6320
766797.15;6284766.96;0.64;0.53;0.79;5120
766799.77;6284765.53;0.59;0.36;0.77;4720
766802.46;6284764.11;0.67;0.26;0.8;5360
766805.23;6284762.69;0.67;0.37;0.8;5360
766807.79;6284761.36;0.54;0.49;0.81;4320
766810.39;6284760;0.62;0.42;0.85;4960
766812.96;6284758.7;0.74;0.43;0.86;5920
766815.68;6284757.24;0.66;0.54;0.92;5280
766810.24;6284755.22;0.57;0.48;0.77;4560
766806.38;6284756.14;0.69;0.26;0.73;5520
766803.84;6284757.54;0.72;0.27;0.76;5760
766801.13;6284758.93;0.66;0.27;0.73;5280
766798.66;6284760.31;0.69;0.33;0.73;5520
766796.24;6284761.65;0.64;0.31;0.76;5120
766793.57;6284763.03;0.73;0.32;0.79;5840
766790.85;6284764.5;0.75;0.25;0.79;6000
766788.21;6284765.83;0.78;0.25;0.8;6240
766785.54;6284767.31;0.84;0.27;0.61;6720
766783.04;6284768.64;0.78;0.29;0.91;6240
766780.38;6284770.04;0.68;0.38;0.74;5440
766777.48;6284771.56;0.8;0.27;0.73;6400
766774.89;6284772.86;0.74;0.36;0.68;5920
766772.38;6284774.23;0.8;0.34;0.72;6400
766769.48;6284775.77;0.73;0.45;0.6;5840
766767.2;6284776.97;0.76;0.27;0.85;6080
766764.34;6284778.5;0.71;0.37;0.82;5680
766761.79;6284779.79;0.73;0.31;0.72;5840
766759.2;6284781.25;0.64;0.4;0.81;5120
766756.44;6284782.67;0.67;0.26;0.85;5360
766753.98;6284783.97;0.76;0.3;0.84;6080
766751.26;6284785.41;0.59;0.27;0.77;4720
766748.7;6284786.83;0.51;0.37;0.64;4080
766746.02;6284788.3;0.69;0.32;0.74;5520
766743.44;6284789.6;0.74;0.44;0.74;5920
766740.91;6284791.03;0.65;0.29;0.69;5200
766738.32;6284792.41;0.77;0.32;0.71;6160
766735.54;6284793.88;0.79;0.34;0.63;6320
766732.98;6284795.34;0.71;0.31;0.68;5680
766730.31;6284796.76;0.74;0.28;0.77;5920
766728.29;6284797.89;0.74;0.25;0.75;5920
766724.54;6284799.8;0.74;0.35;0.6;5920
766721.94;6284801.19;0.74;0.27;0.7;5920
766719.4;6284802.52;0.74;0.23;0.79;5920
766716.94;6284803.9;0.76;0.36;0.77;6080
766714.49;6284805.11;0.77;0.24;0.8;6160
766711.74;6284806.58;0.76;0.3;0.83;6080
766709.31;6284807.79;0.61;0.31;0.72;4880
766706.52;6284809.31;0.69;0.34;0.74;5520
766704.27;6284810.49;0.64;0.36;0.69;5120
766701.6;6284811.85;0.65;0.34;0.79;5200
766699;6284813.24;0.69;0.39;0.82;5520
766696.51;6284814.54;0.72;0.29;0.77;5760
766693.89;6284815.94;0.63;0.28;0.77;5040
766691.29;6284817.3;0.69;0.28;0.82;5520
766688.82;6284818.62;0.66;0.35;0.78;5280
766686.17;6284820;0.71;0.29;0.77;5680
766683.6;6284821.35;0.61;0.34;0.75;4880
766681.06;6284822.71;0.69;0.39;0.85;5520
766678.53;6284823.97;0.71;0.33;0.85;5680
766675.93;6284825.37;0.82;0.29;0.87;6560
766673.43;6284826.68;0.71;0.34;0.81;5680
766670.82;6284828.03;0.67;0.31;0.91;5360
766668.28;6284829.43;0.64;0.35;0.91;5120
766665.68;6284830.81;0.63;0.3;0.81;5040
766663.05;6284832.22;0.72;0.34;0.7;5760
766660.47;6284833.59;0.63;0.29;0.67;5040
766657.86;6284834.87;0.68;0.28;0.68;5440
766655.27;6284836.17;0.61;0.3;0.67;4880
766652.53;6284834.24;0.73;0.28;0.73;5840
766653.93;6284831.63;0.77;0.19;0.85;6160
766656.55;6284830.22;0.73;0.35;0.74;5840
766659.31;6284828.75;0.69;0.44;0.7;5520
766661.57;6284827.49;0.73;0.26;0.76;5840
766664.41;6284825.96;0.76;0.21;0.9;6080
766666.93;6284824.69;0.77;0.26;0.78;6160
766669.55;6284823.33;0.83;0.24;0.79;6640
766672.63;6284821.78;0.78;0.28;0.76;6240
766674.89;6284820.58;0.76;0.28;0.81;6080
766677.42;6284819.27;0.74;0.39;0.75;5920
766680.02;6284817.88;0.79;0.25;0.82;6320
766682.75;6284816.46;0.72;0.23;0.82;5760
766685.54;6284815.01;0.7;0.19;0.88;5600
766687.76;6284813.85;0.87;0.51;0.52;6960
766690.93;6284812.15;0.84;0.22;0.73;6720
766693.8;6284810.62;0.74;0.35;0.61;5920
766695.94;6284809.49;0.69;0.16;0.9;5520
766698.37;6284808.2;0.73;0.31;0.81;5840
766701.05;6284806.82;0.83;0.35;0.75;6640
766703.68;6284805.5;0.73;0.26;0.75;5840
766706.06;6284804.17;0.75;0.22;0.71;6000
766708.77;6284802.75;0.77;0.23;0.78;6160
766711.11;6284801.42;0.68;0.33;0.74;5440
766713.63;6284800.06;0.73;0.34;0.76;5840
766716.03;6284798.82;0.75;0.28;0.78;6000
766718.66;6284797.42;0.77;0.28;0.73;6160
766721.58;6284795.93;0.82;0.42;0.74;6560
766724.3;6284794.56;0.74;0.16;0.77;5920
766726.72;6284793.21;0.79;0.15;0.82;6320
766729.35;6284791.88;0.77;0.21;0.84;6160
766731.93;6284790.52;0.79;0.26;0.79;6320
766734.63;6284789.09;0.69;0.21;0.79;5520
766737.01;6284787.73;0.7;0.4;0.86;5600
766739.75;6284786.35;0.77;0.31;0.73;6160
766742.56;6284784.86;0.71;0.27;0.77;5680
766744.94;6284783.62;0.69;0.17;0.86;5520
766747.57;6284782.1;0.69;0.32;0.81;5520
766750.16;6284780.71;0.68;0.28;0.86;5440
766752.75;6284779.3;0.7;0.43;0.79;5600
766755.6;6284777.82;0.8;0.52;0.8;6400
766758.1;6284776.52;0.76;0.33;0.89;6080
766760.86;6284775.11;0.76;0.47;0.53;6080
766763.28;6284773.8;0.76;0.22;0.85;6080
766765.98;6284772.4;0.78;0.42;0.84;6240
766768.41;6284771.11;0.8;0.49;0.72;6400
766771.27;6284769.6;0.73;0.27;0.89;5840
766773.8;6284768.2;0.79;0.26;0.85;6320
766776.27;6284766.84;0.6;0.45;0.69;4800
766778.78;6284765.5;0.67;0.5;0.79;5360
766781.45;6284764.09;0.71;0.43;0.81;5680
766784.18;6284762.72;0.78;0.38;0.84;6240
766786.87;6284761.39;0.64;0.47;0.82;5120
766789.5;6284760.07;0.72;0.31;0.82;5760
766792.14;6284758.63;0.68;0.46;0.81;5440
766794.84;6284757.2;0.73;0.24;0.88;5840
766797.35;6284755.86;0.74;0.38;0.89;5920
766800.1;6284754.42;0.73;0.49;0.97;5840
766798.4;6284752.31;0.69;0.49;0.88;5520
766792.78;6284752.31;0.67;0.38;0.8;5360
766790.08;6284753.66;0.64;0.28;0.79;5120
766787.46;6284755.04;0.67;0.3;0.77;5360
766784.95;6284756.38;0.62;0.36;0.87;4960
766782.37;6284757.84;0.71;0.28;0.88;5680
766779.74;6284759.27;0.64;0.31;0.76;5120
766777.16;6284760.64;0.71;0.27;0.83;5680
766774.62;6284761.89;0.79;0.3;0.79;6320
766771.94;6284763.33;0.74;0.34;0.74;5920
766769.17;6284764.72;0.83;0.29;0.81;6640
766766.5;6284766.13;0.76;0.39;0.79;6080
766763.89;6284767.49;0.8;0.42;0.62;6400
766761.17;6284768.99;0.77;0.28;0.82;6160
766758.62;6284770.41;0.75;0.27;0.83;6000
766755.78;6284771.8;0.85;0.31;0.81;6800
766753.54;6284772.95;0.72;0.31;0.69;5760
766750.72;6284774.54;0.75;0.25;0.84;6000
766748.23;6284775.86;0.75;0.23;0.78;6000
766745.5;6284777.41;0.75;0.34;0.77;6000
766742.82;6284778.78;0.74;0.28;0.74;5920
766740.22;6284780.18;0.7;0.22;0.75;5600
766737.75;6284781.6;0.7;0.29;0.73;5600
766735.44;6284782.72;0.86;0.38;0.66;6880
766732.35;6284784.23;0.74;0.26;0.85;5920
766729.85;6284785.5;0.76;0.26;0.74;6080
766727.27;6284786.86;0.7;0.21;0.71;5600
766724.32;6284788.51;0.74;0.33;0.75;5920
766721.68;6284789.89;0.67;0.22;0.82;5360
766718.94;6284791.4;0.76;0.21;0.81;6080
766716.09;6284792.85;0.74;0.4;0.82;5920
766714.02;6284793.9;0.72;0.3;0.73;5760
766710.76;6284795.61;0.69;0.25;0.81;5520
766708.25;6284797.05;0.77;0.29;0.79;6160
766705.49;6284798.5;0.73;0.32;0.77;5840
766702.83;6284799.92;0.75;0.31;0.72;6000
766700.31;6284801.2;0.71;0.23;0.81;5680
766697.01;6284802.96;0.88;0.38;0.61;7040
766694.92;6284804.15;0.7;0.29;0.81;5600
766691.95;6284805.66;0.67;0.31;0.69;5360
766689.4;6284807;0.77;0.3;0.63;6160
766687.17;6284808.1;0.76;0.32;0.73;6080
766683.62;6284809.91;0.71;0.25;0.79;5680
766681.2;6284811.22;0.75;0.23;0.9;6000
766678.79;6284812.44;0.81;0.39;0.67;6480
766675.8;6284814.09;0.83;0.23;0.8;6640
766673.14;6284815.53;0.85;0.37;0.82;6800
766670.69;6284816.84;0.69;0.25;0.88;5520
766667.93;6284818.3;0.72;0.28;0.72;5760
766665.35;6284819.67;0.7;0.33;0.72;5600
766662.65;6284821.14;0.7;0.17;0.77;5600
766659.77;6284822.68;0.81;0.29;0.59;6480
766657.3;6284823.98;0.77;0.33;0.77;6160
766654.36;6284825.47;0.68;0.39;0.62;5440
766651.85;6284826.8;0.85;0.34;0.68;6800
766648.49;6284826.21;0.64;0.39;0.76;5120
766648.79;6284822.66;0.68;0.47;0.79;5440
766651.22;6284821.51;0.82;0.33;0.74;6560
766654.44;6284819.88;0.76;0.24;0.79;6080
766656.68;6284818.64;0.66;0.16;0.9;5280
766659.26;6284817.25;0.65;0.16;0.84;5200
766661.85;6284815.84;0.64;0.18;0.73;5120
766664.1;6284814.63;0.69;0.15;0.82;5520
766667.15;6284813.09;0.7;0.42;0.75;5600
766669.57;6284811.87;0.72;0.29;0.84;5760
766672.3;6284810.37;0.72;0.34;0.77;5760
766675.04;6284808.93;0.79;0.5;0.74;6320
766677.37;6284807.72;0.72;0.2;0.88;5760
766679.97;6284806.31;0.69;0.46;0.6;5520
766682.64;6284804.98;0.78;0.48;0.65;6240
766685.2;6284803.63;0.78;0.36;0.81;6240
766687.82;6284802.25;0.74;0.43;0.76;5920
766690.52;6284800.85;0.73;0.35;0.86;5840
766693.13;6284799.54;0.66;0.39;0.82;5280
766695.69;6284798.15;0.72;0.47;0.84;5760
766698.51;6284796.63;0.73;0.48;0.86;5840
766701.02;6284795.32;0.74;0.24;0.87;5920
766703.67;6284793.94;0.73;0.33;0.83;5840
766706.26;6284792.5;0.73;0.44;0.75;5840
766708.79;6284791.18;0.77;0.35;0.75;6160
766711.48;6284789.73;0.74;0.27;0.81;5920
766714.13;6284788.31;0.75;0.41;0.77;6000
766716.7;6284786.98;0.67;0.25;0.85;5360
766719.34;6284785.6;0.68;0.33;0.85;5440
766721.93;6284784.23;0.71;0.21;0.81;5680
766724.81;6284782.79;0.73;0.27;0.76;5840
766727.17;6284781.56;0.73;0.19;0.81;5840
766729.76;6284780.13;0.78;0.25;0.79;6240
766732.64;6284778.65;0.71;0.43;0.83;5680
766735.33;6284777.21;0.72;0.53;0.75;5760
766737.77;6284775.94;0.81;0.3;0.67;6480
766740.34;6284774.63;0.73;0.18;0.81;5840
766743.48;6284772.97;0.7;0.5;0.67;5600
766746.08;6284771.61;0.71;0.54;0.86;5680
766748.64;6284770.19;0.75;0.39;0.9;6000
766751.07;6284768.86;0.65;0.59;0.78;5200
766753.57;6284767.57;0.7;0.48;0.75;5600
766756.24;6284766.12;0.78;0.43;0.82;6240
766758.96;6284764.73;0.7;0.5;0.82;5600
766761.53;6284763.36;0.89;0.52;0.86;7120
766764;6284762.07;0.76;0.23;0.87;6080
766766.59;6284760.7;0.74;0.3;0.91;5920
766769.14;6284759.3;0.8;0.24;0.89;6400
766771.74;6284757.98;0.7;0.33;0.83;5600
766774.44;6284756.54;0.77;0.43;0.84;6160
766777;6284755.3;0.76;0.35;0.77;6080
766779.72;6284753.95;0.68;0.49;0.81;5440
766782.47;6284752.55;0.74;0.39;0.87;5920
766784.86;6284751.24;0.64;0.21;0.94;5120
766785.32;6284750.88;0.82;0.2;1;6560
766786.1;6284750.33;0.76;0.32;0.97;6080
766786.57;6284749.91;0.57;0.12;0.47;4560
